{"trans_0": {"fidelity": 0.8630000000000001, "draw_data": {"11 01 00": [0, 1], "11 11 00": [0, 67], "10 00 00": [0, 3], "01 01 00": [0, 29], "10 11 00": [0, 4], "00 10 00": [0, 8], "01 11 00": [0, 3], "11 10 00": [0, 3], "10 10 00": [1000, 863], "00 00 00": [0, 19]}}, "trans_1": {"fidelity": 0.8849999999999999, "draw_data": {"11 01 00": [0, 2], "11 11 00": [0, 53], "00 01 00": [0, 1], "10 00 00": [0, 6], "01 00 00": [0, 1], "01 01 00": [0, 24], "00 10 00": [0, 7], "01 11 00": [0, 1], "11 10 00": [0, 3], "10 10 00": [1000, 885], "00 00 00": [0, 17]}}, "trans_2": {"fidelity": 0.902, "draw_data": {"11 11 00": [0, 32], "00 01 00": [0, 1], "10 00 00": [0, 1], "01 00 00": [0, 1], "01 01 00": [0, 39], "10 11 00": [0, 1], "00 10 00": [0, 12], "01 11 00": [0, 1], "11 10 00": [0, 3], "10 10 00": [1000, 902], "00 00 00": [0, 7]}}, "trans_3": {"fidelity": 0.878, "draw_data": {"11 01 00": [0, 1], "11 11 00": [0, 60], "10 00 00": [0, 3], "01 01 00": [0, 25], "10 11 00": [0, 7], "00 10 00": [0, 6], "01 11 00": [0, 4], "11 10 00": [0, 1], "10 10 00": [1000, 878], "00 00 00": [0, 15]}}, "trans_4": {"fidelity": 0.8790000000000001, "draw_data": {"11 11 00": [0, 44], "10 11 00": [0, 3], "01 01 00": [0, 43], "00 10 00": [0, 10], "01 11 00": [0, 1], "11 10 00": [0, 6], "10 10 00": [1000, 879], "00 00 00": [0, 14]}}, "trans_5": {"fidelity": 0.8790000000000001, "draw_data": {"11 11 00": [0, 33], "00 01 00": [0, 1], "10 00 00": [0, 1], "01 01 00": [0, 27], "10 11 00": [0, 2], "00 10 00": [0, 15], "01 11 00": [0, 2], "11 10 00": [0, 4], "10 10 00": [1000, 879], "00 00 00": [0, 36]}}, "trans_6": {"fidelity": 0.861, "draw_data": {"11 01 00": [0, 1], "11 11 00": [0, 66], "10 00 00": [0, 4], "01 01 00": [0, 32], "10 11 00": [0, 2], "00 10 00": [0, 14], "01 11 00": [0, 1], "11 10 00": [0, 1], "10 10 00": [1000, 861], "00 00 00": [0, 18]}}, "trans_7": {"fidelity": 0.8710000000000001, "draw_data": {"11 01 00": [0, 1], "11 11 00": [0, 33], "10 00 00": [0, 4], "10 11 00": [0, 10], "01 01 00": [0, 22], "00 10 00": [0, 21], "11 10 00": [0, 16], "10 10 00": [1000, 871], "00 00 00": [0, 22]}}, "trans_8": {"fidelity": 0.8719999999999999, "draw_data": {"11 11 00": [0, 35], "00 01 00": [0, 5], "10 00 00": [0, 7], "01 01 00": [0, 23], "10 11 00": [0, 8], "00 10 00": [0, 14], "01 11 00": [0, 1], "11 10 00": [0, 2], "10 10 00": [1000, 872], "00 00 00": [0, 33]}}, "trans_9": {"fidelity": 0.886, "draw_data": {"11 11 00": [0, 41], "10 00 00": [0, 1], "01 00 00": [0, 1], "01 01 00": [0, 49], "10 11 00": [0, 4], "00 10 00": [0, 6], "11 10 00": [0, 2], "10 10 00": [1000, 886], "00 00 00": [0, 10]}}, "trans_10": {"fidelity": 0.869, "draw_data": {"11 01 00": [0, 2], "11 11 00": [0, 53], "10 00 00": [0, 2], "01 01 00": [0, 34], "10 11 00": [0, 5], "00 10 00": [0, 13], "01 11 00": [0, 3], "11 10 00": [0, 4], "10 10 00": [1000, 869], "00 00 00": [0, 15]}}, "trans_11": {"fidelity": 0.8889999999999999, "draw_data": {"11 01 00": [0, 1], "11 11 00": [0, 40], "10 00 00": [0, 1], "01 01 00": [0, 23], "00 10 00": [0, 26], "01 11 00": [0, 1], "11 10 00": [0, 4], "10 10 00": [1000, 889], "00 00 00": [0, 15]}}, "trans_12": {"fidelity": 0.8350000000000001, "draw_data": {"11 11 00": [0, 51], "00 01 00": [0, 1], "10 00 00": [0, 2], "01 00 00": [0, 6], "01 01 00": [0, 58], "10 11 00": [0, 1], "00 10 00": [0, 13], "11 10 00": [0, 4], "10 10 00": [1000, 835], "00 00 00": [0, 29]}}, "trans_13": {"fidelity": 0.855, "draw_data": {"11 11 00": [0, 66], "10 00 00": [0, 7], "10 11 00": [0, 2], "01 01 00": [0, 35], "00 10 00": [0, 7], "11 10 00": [0, 5], "10 10 00": [1000, 855], "00 00 00": [0, 23]}}, "trans_14": {"fidelity": 0.883, "draw_data": {"11 11 00": [0, 49], "00 01 00": [0, 1], "10 00 00": [0, 2], "01 01 00": [0, 31], "00 10 00": [0, 21], "10 10 00": [1000, 883], "00 00 00": [0, 13]}}, "trans_15": {"fidelity": 0.855, "draw_data": {"11 01 00": [0, 1], "11 11 00": [0, 50], "00 11 00": [0, 1], "10 00 00": [0, 2], "10 11 00": [0, 17], "01 01 00": [0, 34], "00 10 00": [0, 14], "11 10 00": [0, 12], "10 10 00": [1000, 855], "00 00 00": [0, 14]}}, "trans_16": {"fidelity": 0.865, "draw_data": {"11 11 00": [0, 33], "00 01 00": [0, 4], "10 00 00": [0, 5], "01 00 00": [0, 1], "01 01 00": [0, 30], "10 11 00": [0, 7], "00 10 00": [0, 21], "01 11 00": [0, 1], "11 10 00": [0, 6], "10 10 00": [1000, 865], "00 00 00": [0, 27]}}, "trans_17": {"fidelity": 0.8739999999999999, "draw_data": {"11 01 00": [0, 1], "11 11 00": [0, 54], "00 01 00": [0, 2], "10 00 00": [0, 6], "10 11 00": [0, 4], "01 01 00": [0, 24], "00 10 00": [0, 10], "11 10 00": [0, 3], "10 10 00": [1000, 874], "00 00 00": [0, 22]}}, "trans_18": {"fidelity": 0.848, "draw_data": {"11 01 00": [0, 1], "11 11 00": [0, 68], "10 00 00": [0, 4], "10 11 00": [0, 8], "01 01 00": [0, 39], "00 10 00": [0, 7], "11 10 00": [0, 6], "10 10 00": [1000, 848], "00 00 00": [0, 19]}}, "trans_19": {"fidelity": 0.8909999999999999, "draw_data": {"11 01 00": [0, 1], "11 11 00": [0, 35], "10 00 00": [0, 2], "01 01 00": [0, 28], "00 10 00": [0, 30], "01 11 00": [0, 2], "10 10 00": [1000, 891], "00 00 00": [0, 11]}}, "trans_20": {"fidelity": 0.89, "draw_data": {"11 11 00": [0, 20], "00 01 00": [0, 5], "10 00 00": [0, 5], "01 00 00": [0, 2], "01 01 00": [0, 27], "10 11 00": [0, 3], "00 10 00": [0, 16], "01 11 00": [0, 1], "11 10 00": [0, 6], "10 10 00": [1000, 890], "00 00 00": [0, 25]}}, "trans_21": {"fidelity": 0.859, "draw_data": {"11 01 00": [0, 1], "11 11 00": [0, 56], "10 00 00": [0, 3], "01 01 00": [0, 35], "10 11 00": [0, 5], "00 10 00": [0, 11], "01 11 00": [0, 3], "11 10 00": [0, 8], "10 10 00": [1000, 859], "00 00 00": [0, 19]}}, "trans_22": {"fidelity": 0.859, "draw_data": {"11 01 00": [0, 1], "11 11 00": [0, 66], "10 00 00": [0, 6], "01 01 00": [0, 25], "10 11 00": [0, 7], "00 10 00": [0, 14], "01 11 00": [0, 2], "11 10 00": [0, 1], "10 10 00": [1000, 859], "00 00 00": [0, 19]}}, "trans_23": {"fidelity": 0.89, "draw_data": {"11 01 00": [0, 1], "11 11 00": [0, 39], "01 01 00": [0, 24], "10 11 00": [0, 4], "00 10 00": [0, 25], "10 10 00": [1000, 890], "00 00 00": [0, 17]}}, "trans_24": {"fidelity": 0.8720000000000001, "draw_data": {"11 11 00": [0, 56], "10 00 00": [0, 6], "01 01 00": [0, 28], "10 11 00": [0, 1], "00 10 00": [0, 20], "01 11 00": [0, 5], "10 10 00": [1000, 872], "00 00 00": [0, 12]}}, "trans_25": {"fidelity": 0.867, "draw_data": {"11 11 00": [0, 22], "00 01 00": [0, 2], "10 00 00": [0, 3], "01 00 00": [0, 1], "01 01 00": [0, 35], "10 11 00": [0, 11], "00 10 00": [0, 25], "01 11 00": [0, 1], "11 10 00": [0, 1], "10 10 00": [1000, 867], "00 00 00": [0, 32]}}, "trans_26": {"fidelity": 0.875, "draw_data": {"11 01 00": [0, 1], "11 11 00": [0, 26], "00 01 00": [0, 2], "10 00 00": [0, 7], "01 00 00": [0, 1], "01 01 00": [0, 33], "10 11 00": [0, 5], "00 10 00": [0, 15], "10 10 00": [1000, 875], "00 00 00": [0, 35]}}, "trans_27": {"fidelity": 0.8800000000000001, "draw_data": {"11 11 00": [0, 36], "00 01 00": [0, 1], "10 11 00": [0, 3], "01 01 00": [0, 52], "00 10 00": [0, 7], "01 11 00": [0, 1], "11 10 00": [0, 6], "10 10 00": [1000, 880], "00 00 00": [0, 14]}}, "trans_28": {"fidelity": 0.8979999999999999, "draw_data": {"11 11 00": [0, 30], "00 01 00": [0, 1], "10 00 00": [0, 3], "01 01 00": [0, 25], "10 11 00": [0, 5], "00 10 00": [0, 15], "01 11 00": [0, 1], "11 10 00": [0, 2], "10 10 00": [1000, 898], "00 00 00": [0, 20]}}, "trans_29": {"fidelity": 0.878, "draw_data": {"11 01 00": [0, 1], "11 11 00": [0, 41], "10 00 00": [0, 6], "01 01 00": [0, 32], "10 11 00": [0, 2], "00 10 00": [0, 18], "01 11 00": [0, 2], "11 10 00": [0, 1], "10 10 00": [1000, 878], "00 00 00": [0, 19]}}, "trans_30": {"fidelity": 0.8919999999999999, "draw_data": {"11 01 00": [0, 2], "11 11 00": [0, 27], "00 01 00": [0, 2], "10 00 00": [0, 1], "10 11 00": [0, 6], "01 01 00": [0, 26], "00 10 00": [0, 13], "11 10 00": [0, 4], "10 10 00": [1000, 892], "00 00 00": [0, 27]}}, "trans_31": {"fidelity": 0.8819999999999999, "draw_data": {"11 11 00": [0, 28], "00 01 00": [0, 1], "10 00 00": [0, 2], "01 00 00": [0, 2],