{"trans_0": {"fidelity": 0.9269999999999999, "draw_data": {"10 00 00": [0, 1], "10 11 00": [0, 2], "10 10 00": [1000, 927], "11 11 00": [0, 30], "00 10 00": [0, 13], "01 01 00": [0, 14], "00 00 00": [0, 13]}}, "trans_1": {"fidelity": 0.867, "draw_data": {"10 00 00": [0, 3], "10 11 00": [0, 40], "10 10 00": [1000, 867], "11 10 00": [0, 34], "11 11 00": [0, 25], "00 10 00": [0, 12], "01 01 00": [0, 9], "00 00 00": [0, 10]}}, "trans_2": {"fidelity": 0.896, "draw_data": {"10 00 00": [0, 1], "10 10 00": [1000, 896], "10 11 00": [0, 30], "11 10 00": [0, 21], "01 00 00": [0, 1], "11 11 00": [0, 25], "00 10 00": [0, 8], "01 01 00": [0, 9], "00 00 00": [0, 9]}}, "trans_3": {"fidelity": 0.8700000000000001, "draw_data": {"10 00 00": [0, 4], "10 10 00": [1000, 870], "11 10 00": [0, 2], "11 11 00": [0, 31], "00 01 00": [0, 2], "00 10 00": [0, 43], "01 01 00": [0, 19], "11 01 00": [0, 1], "01 11 00": [0, 3], "00 00 00": [0, 25]}}, "trans_4": {"fidelity": 0.8709999999999999, "draw_data": {"10 00 00": [0, 6], "10 10 00": [1000, 871], "10 11 00": [0, 2], "11 10 00": [0, 1], "11 11 00": [0, 42], "00 10 00": [0, 41], "01 01 00": [0, 16], "11 01 00": [0, 1], "01 11 00": [0, 3], "00 00 00": [0, 17]}}, "trans_5": {"fidelity": 0.9359999999999999, "draw_data": {"10 00 00": [0, 1], "10 10 00": [1000, 936], "10 11 00": [0, 3], "11 10 00": [0, 6], "11 11 00": [0, 9], "00 01 00": [0, 1], "00 10 00": [0, 12], "01 01 00": [0, 19], "01 11 00": [0, 2], "00 00 00": [0, 11]}}, "trans_6": {"fidelity": 0.9209999999999999, "draw_data": {"10 00 00": [0, 1], "10 10 00": [1000, 921], "10 11 00": [0, 5], "11 10 00": [0, 4], "01 00 00": [0, 1], "11 11 00": [0, 21], "00 10 00": [0, 16], "01 01 00": [0, 19], "00 00 00": [0, 12]}}, "trans_7": {"fidelity": 0.8739999999999999, "draw_data": {"10 00 00": [0, 8], "10 10 00": [1000, 874], "10 11 00": [0, 1], "11 11 00": [0, 28], "00 10 00": [0, 44], "01 01 00": [0, 19], "01 11 00": [0, 2], "00 00 00": [0, 24]}}, "trans_8": {"fidelity": 0.8719999999999999, "draw_data": {"10 00 00": [0, 2], "10 10 00": [1000, 872], "10 11 00": [0, 32], "11 10 00": [0, 25], "11 11 00": [0, 34], "00 10 00": [0, 11], "00 11 00": [0, 1], "01 01 00": [0, 9], "01 11 00": [0, 1], "00 00 00": [0, 13]}}, "trans_9": {"fidelity": 0.909, "draw_data": {"10 00 00": [0, 3], "10 10 00": [1000, 909], "10 11 00": [0, 3], "11 10 00": [0, 3], "11 11 00": [0, 18], "00 10 00": [0, 17], "01 01 00": [0, 30], "01 11 00": [0, 1], "00 00 00": [0, 16]}}, "trans_10": {"fidelity": 0.894, "draw_data": {"11 10 00": [0, 25], "10 11 00": [0, 28], "10 10 00": [1000, 894], "11 11 00": [0, 26], "00 01 00": [0, 1], "00 10 00": [0, 11], "01 01 00": [0, 5], "00 00 00": [0, 10]}}, "trans_11": {"fidelity": 0.942, "draw_data": {"10 00 00": [0, 2], "10 10 00": [1000, 942], "01 10 00": [0, 1], "11 11 00": [0, 20], "00 10 00": [0, 13], "01 01 00": [0, 11], "01 11 00": [0, 1], "00 00 00": [0, 10]}}, "trans_12": {"fidelity": 0.881, "draw_data": {"10 00 00": [0, 8], "10 10 00": [1000, 881], "10 11 00": [0, 3], "11 10 00": [0, 1], "11 11 00": [0, 23], "00 01 00": [0, 1], "00 10 00": [0, 44], "01 01 00": [0, 15], "01 11 00": [0, 3], "00 00 00": [0, 21]}}, "trans_13": {"fidelity": 0.869, "draw_data": {"10 00 00": [0, 4], "10 10 00": [1000, 869], "10 11 00": [0, 3], "01 10 00": [0, 1], "11 10 00": [0, 2], "11 11 00": [0, 32], "00 10 00": [0, 40], "01 01 00": [0, 23], "11 01 00": [0, 2], "01 11 00": [0, 3], "00 00 00": [0, 21]}}, "trans_14": {"fidelity": 0.942, "draw_data": {"10 00 00": [0, 2], "10 10 00": [1000, 942], "01 10 00": [0, 1], "01 00 00": [0, 1], "11 11 00": [0, 20], "00 10 00": [0, 10], "01 01 00": [0, 9], "11 01 00": [0, 1], "01 11 00": [0, 1], "00 00 00": [0, 13]}}, "trans_15": {"fidelity": 0.8800000000000001, "draw_data": {"10 00 00": [0, 2], "10 10 00": [1000, 880], "10 11 00": [0, 33], "01 10 00": [0, 2], "01 00 00": [0, 1], "11 10 00": [0, 23], "11 11 00": [0, 28], "00 10 00": [0, 10], "01 01 00": [0, 8], "01 11 00": [0, 2], "00 00 00": [0, 11]}}, "trans_16": {"fidelity": 0.9229999999999999, "draw_data": {"11 10 00": [0, 1], "10 11 00": [0, 1], "10 10 00": [1000, 923], "01 10 00": [0, 1], "11 11 00": [0, 35], "00 10 00": [0, 6], "01 01 00": [0, 23], "11 01 00": [0, 1], "00 00 00": [0, 9]}}, "trans_17": {"fidelity": 0.902, "draw_data": {"10 00 00": [0, 1], "10 10 00": [1000, 902], "10 11 00": [0, 5], "11 10 00": [0, 4], "11 11 00": [0, 21], "00 01 00": [0, 1], "00 10 00": [0, 29], "01 01 00": [0, 14], "01 11 00": [0, 3], "00 00 00": [0, 20]}}, "trans_18": {"fidelity": 0.9059999999999999, "draw_data": {"11 10 00": [0, 6], "10 11 00": [0, 4], "10 10 00": [1000, 906], "11 11 00": [0, 29], "00 01 00": [0, 1], "00 10 00": [0, 19], "01 01 00": [0, 16], "01 11 00": [0, 2], "00 00 00": [0, 17]}}, "trans_19": {"fidelity": 0.86, "draw_data": {"10 00 00": [0, 2], "10 10 00": [1000, 860], "10 11 00": [0, 34], "11 10 00": [0, 33], "01 00 00": [0, 1], "11 11 00": [0, 34], "00 10 00": [0, 15], "01 01 00": [0, 7], "00 00 00": [0, 14]}}, "trans_20": {"fidelity": 0.893, "draw_data": {"10 00 00": [0, 1], "10 11 00": [0, 32], "10 10 00": [1000, 893], "11 00 00": [0, 2], "11 10 00": [0, 22], "11 11 00": [0, 21], "00 10 00": [0, 13], "01 01 00": [0, 7], "00 00 00": [0, 9]}}, "trans_21": {"fidelity": 0.867, "draw_data": {"10 00 00": [0, 6], "10 10 00": [1000, 867], "10 11 00": [0, 3], "11 10 00": [0, 2], "11 11 00": [0, 34], "00 01 00": [0, 1], "00 10 00": [0, 38], "01 01 00": [0, 25], "01 11 00": [0, 2], "00 00 00": [0, 22]}}, "trans_22": {"fidelity": 0.8640000000000001, "draw_data": {"10 00 00": [0, 4], "10 10 00": [1000, 864], "10 11 00": [0, 2], "01 10 00": [0, 1], "11 10 00": [0, 2], "11 11 00": [0, 29], "00 10 00": [0, 45], "01 01 00": [0, 19], "11 01 00": [0, 2], "01 11 00": [0, 2], "00 00 00": [0, 30]}}, "trans_23": {"fidelity": 0.899, "draw_data": {"11 10 00": [0, 5], "10 11 00": [0, 3], "10 10 00": [1000, 899], "11 11 00": [0, 33], "00 01 00": [0, 2], "00 10 00": [0, 27], "01 01 00": [0, 12], "00 00 00": [0, 19]}}, "trans_24": {"fidelity": 0.8800000000000001, "draw_data": {"10 00 00": [0, 1], "10 11 00": [0, 34], "10 10 00": [1000, 880], "11 10 00": [0, 23], "11 11 00": [0, 34], "00 10 00": [0, 11], "00 11 00": [0, 1], "01 01 00": [0, 4], "00 00 00": [0, 12]}}, "trans_25": {"fidelity": 0.9189999999999999, "draw_data": {"10 00 00": [0, 2], "10 11 00": [0, 3], "10 10 00": [1000, 919], "11 10 00": [0, 4], "11 11 00": [0, 17], "00 10 00": [0, 16], "01 01 00": [0, 29], "00 00 00": [0, 10]}}, "trans_26": {"fidelity": 0.866, "draw_data": {"10 00 00": [0, 1], "10 11 00": [0, 33], "10 10 00": [1000, 866], "11 10 00": [0, 25], "11 11 00": [0, 35], "00 01 00": [0, 1], "00 10 00": [0, 14], "01 01 00": [0, 9], "00 00 00": [0, 16]}}, "trans_27": {"fidelity": 0.8719999999999999, "draw_data": {"10 00 00": [0, 3], "10 10 00": [1000, 872], "10 11 00": [0, 34], "11 10 00": [0, 19], "01 00 00": [0, 1], "11 11 00": [0, 36], "00 10 00": [0, 10], "00 11 00": [0, 2], "01 01 00": [0, 5], "00 00 00": [0, 18]}}, "trans_28": {"fidelity": 0.89, "draw_data": {"11 10 00": [0, 5], "10 11 00": [0, 8], "10 10 00": [1000, 890], "11 11 00": [0, 25], "00 10 00": [0, 34], "01 01 00": [0, 15], "01 11 00": [0, 1], "00 00 00": [0, 22]}}, "trans_29": {"fidelity": 0.8800000000000001, "draw_data": {"10 00 00": [0, 1], "10 10 00": [1000, 880], "10 11 00": [0, 8], "01 10 00": [0, 1], "11 10 00": [0, 5], "11 11 00": [0, 38], "00 10 00": [0, 36], "01 01 00": [0, 13], "01 11 00": [0, 3], "00 00 00": [0, 15]}}, "trans_30": {"fidelity": 0.932, "draw_data": {"10 00 00": [0, 1], "10 10 00": [1000, 932], "10 11 00": [0, 1], "01 10 00": [0, 1], "11 11 00": [0, 22], "00 10 00": [0, 9], "01 01 00": [0, 16], "01 11 00": [0, 1], "00 00 00": [0, 17]}}, "trans_31": {"fidelity": 0.9030000000000001, "draw_data": {"10 00 00": [0, 2], "10 11 00": [0, 3], "10 10 00": [1000, 903], "11 10 00": [0, 5], "11 11 00": [0, 29], "00 10 00": [0, 24], "00 11 00": [0, 1], "01 01 00": [0, 13], "00 00 00": [0, 20]}}, "trans_32": {"fidelity": 0.9339999999999999,