{"trans_0": {"fidelity": 0.6910000000000001, "draw_data": {"01 01 00": [0, 41], "10 11 00": [0, 2], "00 11 00": [0, 1], "00 01 00": [0, 4], "11 11 00": [0, 19], "10 00 00": [0, 1], "10 10 00": [1000, 691], "00 00 00": [0, 95], "00 10 00": [0, 136], "01 11 00": [0, 7], "11 10 00": [0, 3]}}, "trans_1": {"fidelity": 0.6810000000000002, "draw_data": {"01 01 00": [0, 33], "10 11 00": [0, 1], "00 01 00": [0, 3], "11 11 00": [0, 31], "01 00 00": [0, 1], "10 00 00": [0, 2], "10 10 00": [1000, 681], "00 00 00": [0, 121], "00 10 00": [0, 121], "01 11 00": [0, 2], "11 10 00": [0, 4]}}, "trans_2": {"fidelity": 0.756, "draw_data": {"01 01 00": [0, 44], "10 11 00": [0, 3], "00 01 00": [0, 5], "11 11 00": [0, 19], "10 00 00": [0, 1], "01 10 00": [0, 1], "10 10 00": [1000, 756], "00 00 00": [0, 74], "00 10 00": [0, 95], "01 11 00": [0, 2]}}, "trans_3": {"fidelity": 0.698, "draw_data": {"01 01 00": [0, 38], "10 11 00": [0, 5], "00 01 00": [0, 6], "11 11 00": [0, 18], "01 00 00": [0, 2], "10 00 00": [0, 3], "10 10 00": [1000, 698], "00 00 00": [0, 84], "00 10 00": [0, 139], "01 11 00": [0, 3], "11 10 00": [0, 4]}}, "trans_4": {"fidelity": 0.7540000000000001, "draw_data": {"01 01 00": [0, 40], "10 11 00": [0, 2], "00 01 00": [0, 3], "11 11 00": [0, 14], "10 00 00": [0, 1], "10 10 00": [1000, 754], "00 00 00": [0, 72], "00 10 00": [0, 110], "01 11 00": [0, 2], "11 10 00": [0, 2]}}, "trans_5": {"fidelity": 0.6620000000000001, "draw_data": {"01 01 00": [0, 47], "10 11 00": [0, 2], "00 11 00": [0, 1], "00 01 00": [0, 6], "11 11 00": [0, 29], "10 00 00": [0, 1], "01 10 00": [0, 1], "10 10 00": [1000, 662], "00 00 00": [0, 104], "00 10 00": [0, 138], "01 11 00": [0, 5], "11 10 00": [0, 4]}}, "trans_6": {"fidelity": 0.769, "draw_data": {"01 01 00": [0, 34], "10 11 00": [0, 5], "00 11 00": [0, 2], "00 01 00": [0, 9], "11 11 00": [0, 37], "10 10 00": [1000, 769], "00 00 00": [0, 63], "00 10 00": [0, 75], "01 11 00": [0, 2], "11 10 00": [0, 4]}}, "trans_7": {"fidelity": 0.7540000000000001, "draw_data": {"01 01 00": [0, 45], "10 11 00": [0, 2], "00 11 00": [0, 1], "00 01 00": [0, 1], "11 11 00": [0, 12], "10 00 00": [0, 2], "10 10 00": [1000, 754], "00 00 00": [0, 79], "00 10 00": [0, 100], "01 11 00": [0, 2], "11 10 00": [0, 2]}}, "trans_8": {"fidelity": 0.7339999999999999, "draw_data": {"01 01 00": [0, 17], "10 11 00": [0, 3], "00 01 00": [0, 4], "11 11 00": [0, 22], "10 00 00": [0, 3], "10 10 00": [1000, 734], "00 00 00": [0, 101], "00 10 00": [0, 111], "01 11 00": [0, 3], "11 10 00": [0, 2]}}, "trans_9": {"fidelity": 0.7789999999999999, "draw_data": {"01 01 00": [0, 38], "10 11 00": [0, 4], "00 01 00": [0, 5], "11 11 00": [0, 37], "01 10 00": [0, 1], "10 10 00": [1000, 779], "00 00 00": [0, 61], "00 10 00": [0, 64], "01 11 00": [0, 6], "11 10 00": [0, 5]}}, "trans_10": {"fidelity": 0.756, "draw_data": {"01 01 00": [0, 38], "10 11 00": [0, 4], "00 01 00": [0, 7], "11 11 00": [0, 42], "01 00 00": [0, 1], "10 00 00": [0, 1], "10 10 00": [1000, 756], "00 00 00": [0, 59], "00 10 00": [0, 83], "01 11 00": [0, 5], "11 10 00": [0, 4]}}, "trans_11": {"fidelity": 0.722, "draw_data": {"01 01 00": [0, 20], "10 11 00": [0, 4], "00 01 00": [0, 3], "11 11 00": [0, 41], "10 00 00": [0, 3], "10 10 00": [1000, 722], "00 00 00": [0, 87], "00 10 00": [0, 115], "01 11 00": [0, 3], "11 10 00": [0, 2]}}, "trans_12": {"fidelity": 0.761, "draw_data": {"01 01 00": [0, 54], "10 11 00": [0, 6], "11 01 00": [0, 1], "00 01 00": [0, 5], "11 11 00": [0, 26], "01 00 00": [0, 3], "10 10 00": [1000, 761], "00 00 00": [0, 57], "00 10 00": [0, 80], "01 11 00": [0, 2], "11 10 00": [0, 5]}}, "trans_13": {"fidelity": 0.6689999999999999, "draw_data": {"01 01 00": [0, 53], "10 11 00": [0, 4], "00 01 00": [0, 8], "11 11 00": [0, 25], "10 00 00": [0, 3], "01 10 00": [0, 2], "10 10 00": [1000, 669], "00 00 00": [0, 96], "00 10 00": [0, 132], "01 11 00": [0, 2], "11 10 00": [0, 6]}}, "trans_14": {"fidelity": 0.7459999999999999, "draw_data": {"01 01 00": [0, 33], "00 11 00": [0, 1], "00 01 00": [0, 4], "11 11 00": [0, 23], "10 10 00": [1000, 746], "00 00 00": [0, 70], "00 10 00": [0, 118], "01 11 00": [0, 4], "11 10 00": [0, 1]}}, "trans_15": {"fidelity": 0.7570000000000001, "draw_data": {"01 01 00": [0, 41], "10 11 00": [0, 6], "00 01 00": [0, 7], "11 11 00": [0, 35], "01 00 00": [0, 1], "10 10 00": [1000, 757], "00 00 00": [0, 61], "00 10 00": [0, 82], "01 11 00": [0, 4], "11 10 00": [0, 6]}}, "trans_16": {"fidelity": 0.7319999999999999, "draw_data": {"01 01 00": [0, 51], "10 11 00": [0, 1], "00 01 00": [0, 1], "11 11 00": [0, 22], "10 00 00": [0, 1], "10 10 00": [1000, 732], "00 00 00": [0, 82], "00 10 00": [0, 101], "01 11 00": [0, 7], "11 10 00": [0, 2]}}, "trans_17": {"fidelity": 0.775, "draw_data": {"01 01 00": [0, 33], "00 01 00": [0, 5], "11 11 00": [0, 23], "10 00 00": [0, 1], "01 10 00": [0, 1], "10 10 00": [1000, 775], "00 00 00": [0, 73], "00 10 00": [0, 87], "01 11 00": [0, 2]}}, "trans_18": {"fidelity": 0.755, "draw_data": {"01 01 00": [0, 25], "10 11 00": [0, 1], "11 01 00": [0, 1], "00 01 00": [0, 2], "11 11 00": [0, 19], "10 00 00": [0, 3], "10 10 00": [1000, 755], "00 00 00": [0, 94], "00 10 00": [0, 97], "01 11 00": [0, 2], "11 10 00": [0, 1]}}, "trans_19": {"fidelity": 0.749, "draw_data": {"01 01 00": [0, 17], "10 11 00": [0, 5], "00 01 00": [0, 1], "11 11 00": [0, 29], "10 00 00": [0, 3], "01 10 00": [0, 1], "10 10 00": [1000, 749], "00 00 00": [0, 85], "00 10 00": [0, 106], "01 11 00": [0, 3], "11 10 00": [0, 1]}}, "trans_20": {"fidelity": 0.6890000000000001, "draw_data": {"01 01 00": [0, 48], "10 11 00": [0, 1], "00 11 00": [0, 2], "00 01 00": [0, 6], "11 11 00": [0, 15], "10 00 00": [0, 5], "10 10 00": [1000, 689], "00 00 00": [0, 86], "00 10 00": [0, 142], "01 11 00": [0, 4], "11 10 00": [0, 2]}}, "trans_21": {"fidelity": 0.7629999999999999, "draw_data": {"01 01 00": [0, 31], "10 11 00": [0, 1], "00 11 00": [0, 1], "00 01 00": [0, 3], "11 11 00": [0, 18], "01 00 00": [0, 1], "10 00 00": [0, 6], "10 10 00": [1000, 763], "00 00 00": [0, 71], "00 10 00": [0, 103], "01 11 00": [0, 2]}}, "trans_22": {"fidelity": 0.764, "draw_data": {"01 01 00": [0, 40], "10 11 00": [0, 2], "00 01 00": [0, 1], "11 11 00": [0, 23], "10 10 00": [1000, 764], "00 00 00": [0, 72], "00 10 00": [0, 92], "01 11 00": [0, 3], "11 10 00": [0, 3]}}, "trans_23": {"fidelity": 0.6740000000000002, "draw_data": {"01 01 00": [0, 37], "10 11 00": [0, 2], "00 11 00": [0, 1], "00 01 00": [0, 5], "11 11 00": [0, 27], "01 00 00": [0, 2], "10 00 00": [0, 2], "01 10 00": [0, 1], "10 10 00": [1000, 674], "00 00 00": [0, 101], "00 10 00": [0, 143], "01 11 00": [0, 2], "11 10 00": [0, 3]}}, "trans_24": {"fidelity": 0.781, "draw_data": {"01 01 00": [0, 38], "10 11 00": [0, 9], "00 11 00": [0, 1], "11 01 00": [0, 1], "00 01 00": [0, 8], "11 11 00": [0, 23], "10 10 00": [1000, 781], "00 00 00": [0, 55], "00 10 00": [0, 76], "01 11 00": [0, 4], "11 10 00": [0, 4]}}, "trans_25": {"fidelity": 0.7390000000000001, "draw_data": {"01 01 00": [0, 40], "10 11 00": [0, 5], "00 11 00": [0, 1], "00 01 00": [0, 5], "11 11 00": [0, 17], "01 00 00": [0, 1], "10 00 00": [0, 3], "10 10 00": [1000, 739], "00 00 00": [0, 77], "00 10 00": [0, 110], "01 11 00": [0, 2]}}, "trans_26": {"fidelity": 0.66, "draw_data": {"01 01 00": [0, 55], "10 11 00": [0, 7], "00 01 00": [0, 7], "11 11 00": [0, 25], "10 00 00": [0, 3], "01 10 00": [0, 1], "10 10 00": [1000, 660], "00 00 00": [0, 93], "00 10 00": [0, 139], "01 11 00": [0, 8], "11 10 00": [0, 2]}}, "trans_27": {"fidelity": 0.776, "draw_data": {"01 01 00": [0, 46], "10 11 00": [0, 3], "00 11 00": [0, 1], "00 01 00": [0, 10], "11 11 00": [0, 27], "01 00 00": [0, 1], "10 00 00": [0, 1], "10 10 00": [1000, 776], "00 00 00": [0, 62], "00 10 00": [0, 66], "01 11 00": [0, 3], "11 10 00": [0, 4]}}, "trans_28": {"fidelity": 0.733, "draw_data": {"01 01 00": [0, 26], "10 11 00": [0, 2], "11 11 00": [0, 25], "10 00 00": [0, 3], "01 10 00": [0, 1], "10 10 00": [1000, 733], "00 00 00": [0, 100], "00 10 00": [0, 106], "01 11 00": [0, 1],