{"trans_0": {"fidelity": 0.854, "draw_data": {"10 00 00": [0, 2], "01 11 00": [0, 1], "11 11 00": [0, 7], "10 11 00": [0, 1], "01 01 00": [0, 14], "01 10 00": [0, 1], "11 10 00": [0, 1], "10 10 00": [1000, 854], "00 10 00": [0, 88], "11 00 00": [0, 1], "00 00 00": [0, 30]}}, "trans_1": {"fidelity": 0.827, "draw_data": {"10 00 00": [0, 2], "01 11 00": [0, 1], "11 11 00": [0, 18], "01 01 00": [0, 7], "10 10 00": [1000, 827], "00 10 00": [0, 89], "00 01 00": [0, 1], "00 00 00": [0, 55]}}, "trans_2": {"fidelity": 0.8119999999999999, "draw_data": {"10 00 00": [0, 2], "01 11 00": [0, 5], "11 11 00": [0, 29], "10 11 00": [0, 2], "01 01 00": [0, 39], "01 10 00": [0, 1], "11 10 00": [0, 2], "10 10 00": [1000, 812], "00 10 00": [0, 61], "00 01 00": [0, 3], "00 00 00": [0, 44]}}, "trans_3": {"fidelity": 0.8320000000000001, "draw_data": {"11 11 00": [0, 16], "10 11 00": [0, 1], "01 01 00": [0, 13], "10 10 00": [1000, 832], "00 10 00": [0, 74], "00 00 00": [0, 64]}}, "trans_4": {"fidelity": 0.798, "draw_data": {"10 00 00": [0, 2], "01 11 00": [0, 1], "11 11 00": [0, 31], "10 11 00": [0, 2], "00 11 00": [0, 1], "01 01 00": [0, 30], "11 10 00": [0, 1], "10 10 00": [1000, 798], "00 10 00": [0, 87], "00 01 00": [0, 1], "11 01 00": [0, 1], "00 00 00": [0, 45]}}, "trans_5": {"fidelity": 0.775, "draw_data": {"10 00 00": [0, 2], "01 11 00": [0, 2], "11 11 00": [0, 60], "10 11 00": [0, 4], "01 01 00": [0, 20], "10 10 00": [1000, 775], "00 10 00": [0, 64], "00 01 00": [0, 4], "11 01 00": [0, 2], "00 00 00": [0, 67]}}, "trans_6": {"fidelity": 0.8170000000000001, "draw_data": {"01 11 00": [0, 1], "11 11 00": [0, 17], "10 11 00": [0, 2], "01 01 00": [0, 7], "11 10 00": [0, 1], "10 10 00": [1000, 817], "00 10 00": [0, 96], "00 00 00": [0, 59]}}, "trans_7": {"fidelity": 0.7960000000000002, "draw_data": {"01 11 00": [0, 6], "11 11 00": [0, 22], "01 01 00": [0, 12], "11 10 00": [0, 2], "10 10 00": [1000, 796], "00 10 00": [0, 99], "00 01 00": [0, 2], "00 00 00": [0, 61]}}, "trans_8": {"fidelity": 0.8150000000000001, "draw_data": {"10 00 00": [0, 1], "01 11 00": [0, 1], "11 11 00": [0, 38], "10 11 00": [0, 3], "01 01 00": [0, 32], "11 10 00": [0, 4], "10 10 00": [1000, 815], "00 10 00": [0, 57], "00 01 00": [0, 1], "00 00 00": [0, 48]}}, "trans_9": {"fidelity": 0.8260000000000001, "draw_data": {"01 11 00": [0, 1], "11 11 00": [0, 12], "10 11 00": [0, 2], "01 01 00": [0, 10], "10 10 00": [1000, 826], "00 10 00": [0, 97], "00 00 00": [0, 52]}}, "trans_10": {"fidelity": 0.849, "draw_data": {"10 00 00": [0, 2], "11 11 00": [0, 8], "01 01 00": [0, 19], "11 10 00": [0, 1], "10 10 00": [1000, 849], "00 10 00": [0, 67], "00 01 00": [0, 3], "00 00 00": [0, 51]}}, "trans_11": {"fidelity": 0.81, "draw_data": {"01 11 00": [0, 1], "11 11 00": [0, 23], "10 11 00": [0, 2], "01 01 00": [0, 33], "11 10 00": [0, 1], "10 10 00": [1000, 810], "00 10 00": [0, 54], "01 00 00": [0, 2], "00 01 00": [0, 3], "00 00 00": [0, 71]}}, "trans_12": {"fidelity": 0.854, "draw_data": {"11 11 00": [0, 5], "10 11 00": [0, 7], "01 01 00": [0, 14], "01 10 00": [0, 1], "11 10 00": [0, 9], "10 10 00": [1000, 854], "00 10 00": [0, 67], "01 00 00": [0, 3], "00 01 00": [0, 2], "00 00 00": [0, 38]}}, "trans_13": {"fidelity": 0.845, "draw_data": {"10 00 00": [0, 3], "01 11 00": [0, 4], "11 11 00": [0, 10], "10 11 00": [0, 2], "01 01 00": [0, 17], "11 10 00": [0, 1], "10 10 00": [1000, 845], "00 10 00": [0, 76], "00 00 00": [0, 42]}}, "trans_14": {"fidelity": 0.8119999999999999, "draw_data": {"01 11 00": [0, 1], "11 11 00": [0, 14], "10 11 00": [0, 2], "01 01 00": [0, 7], "11 10 00": [0, 1], "10 10 00": [1000, 812], "00 10 00": [0, 94], "00 11 00": [0, 1], "00 00 00": [0, 68]}}, "trans_15": {"fidelity": 0.829, "draw_data": {"10 00 00": [0, 3], "11 11 00": [0, 10], "10 11 00": [0, 2], "01 01 00": [0, 17], "11 10 00": [0, 2], "10 10 00": [1000, 829], "00 10 00": [0, 88], "00 00 00": [0, 49]}}, "trans_16": {"fidelity": 0.818, "draw_data": {"10 00 00": [0, 1], "01 11 00": [0, 2], "11 11 00": [0, 21], "10 11 00": [0, 3], "01 01 00": [0, 26], "11 10 00": [0, 2], "10 10 00": [1000, 818], "00 10 00": [0, 64], "01 00 00": [0, 1], "00 01 00": [0, 4], "00 00 00": [0, 58]}}, "trans_17": {"fidelity": 0.833, "draw_data": {"10 00 00": [0, 2], "01 11 00": [0, 1], "11 11 00": [0, 14], "01 01 00": [0, 22], "10 10 00": [1000, 833], "00 10 00": [0, 81], "00 01 00": [0, 1], "11 01 00": [0, 1], "00 00 00": [0, 45]}}, "trans_18": {"fidelity": 0.8260000000000001, "draw_data": {"01 11 00": [0, 4], "11 11 00": [0, 24], "10 11 00": [0, 2], "01 01 00": [0, 24], "10 10 00": [1000, 826], "00 10 00": [0, 72], "01 00 00": [0, 1], "00 01 00": [0, 3], "00 00 00": [0, 44]}}, "trans_19": {"fidelity": 0.829, "draw_data": {"01 11 00": [0, 2], "11 11 00": [0, 17], "10 11 00": [0, 1], "01 01 00": [0, 8], "11 10 00": [0, 1], "10 10 00": [1000, 829], "00 10 00": [0, 82], "01 00 00": [0, 1], "00 00 00": [0, 59]}}, "trans_20": {"fidelity": 0.855, "draw_data": {"10 00 00": [0, 4], "11 11 00": [0, 18], "01 01 00": [0, 11], "11 10 00": [0, 1], "10 10 00": [1000, 855], "00 10 00": [0, 74], "00 00 00": [0, 37]}}, "trans_21": {"fidelity": 0.8460000000000001, "draw_data": {"10 00 00": [0, 1], "01 11 00": [0, 1], "11 11 00": [0, 12], "10 11 00": [0, 1], "01 01 00": [0, 17], "10 10 00": [1000, 846], "00 10 00": [0, 77], "00 01 00": [0, 1], "00 00 00": [0, 44]}}, "trans_22": {"fidelity": 0.8119999999999999, "draw_data": {"10 00 00": [0, 3], "01 11 00": [0, 1], "11 11 00": [0, 19], "01 01 00": [0, 16], "01 10 00": [0, 1], "11 10 00": [0, 1], "10 10 00": [1000, 812], "00 10 00": [0, 85], "00 11 00": [0, 1], "00 00 00": [0, 61]}}, "trans_23": {"fidelity": 0.8040000000000002, "draw_data": {"10 00 00": [0, 2], "01 11 00": [0, 4], "11 11 00": [0, 21], "10 11 00": [0, 2], "01 01 00": [0, 6], "11 10 00": [0, 2], "10 10 00": [1000, 804], "00 10 00": [0, 102], "00 01 00": [0, 1], "11 01 00": [0, 1], "00 00 00": [0, 55]}}, "trans_24": {"fidelity": 0.8620000000000001, "draw_data": {"11 11 00": [0, 10], "10 11 00": [0, 11], "01 01 00": [0, 8], "01 10 00": [0, 2], "11 10 00": [0, 7], "10 10 00": [1000, 862], "00 10 00": [0, 60], "00 00 00": [0, 40]}}, "trans_25": {"fidelity": 0.8150000000000001, "draw_data": {"01 11 00": [0, 3], "11 11 00": [0, 18], "10 11 00": [0, 1], "01 01 00": [0, 8], "10 10 00": [1000, 815], "00 10 00": [0, 110], "00 01 00": [0, 1], "00 11 00": [0, 1], "00 00 00": [0, 43]}}, "trans_26": {"fidelity": 0.8150000000000001, "draw_data": {"10 00 00": [0, 1], "01 11 00": [0, 1], "11 11 00": [0, 26], "10 11 00": [0, 3], "01 01 00": [0, 28], "10 10 00": [1000, 815], "00 10 00": [0, 62], "00 01 00": [0, 5], "00 00 00": [0, 59]}}, "trans_27": {"fidelity": 0.829, "draw_data": {"10 00 00": [0, 2], "01 11 00": [0, 2], "11 11 00": [0, 8], "10 11 00": [0, 3], "01 01 00": [0, 10], "01 10 00": [0, 1], "11 10 00": [0, 2], "10 10 00": [1000, 829], "00 10 00": [0, 88], "00 01 00": [0, 1], "00 00 00": [0, 54]}}, "trans_28": {"fidelity": 0.8419999999999999, "draw_data": {"10 00 00": [0, 2], "01 11 00": [0, 1], "11 11 00": [0, 17], "10 11 00": [0, 2], "01 01 00": [0, 14], "11 10 00": [0, 1], "10 10 00": [1000, 842], "00 10 00": [0, 77], "00 01 00": [0, 1], "00 00 00": [0, 43]}}, "trans_29": {"fidelity": 0.809, "draw_data": {"01 11 00": [0, 3], "11 11 00": [0, 33], "10 11 00": [0, 3], "01 01 00": [0, 26], "11 10 00": [0, 1], "10 10 00": [1000, 809], "00 10 00": [0, 64], "01 00 00": [0, 1], "00 01 00": [0, 2], "00 00 00": [0, 58]}}, "trans_30": {"fidelity": 0.84, "draw_data": {"10 00 00": [0, 3], "01 11 00": [0, 2], "11 11 00": [0, 13], "01 01 00": [0, 19], "10 10 00": [1000, 840], "00 10 00": [0, 83], "00 01 00": [0, 1], "00 00 00": [0, 39]}}, "trans_31": {"fidelity": 0.8119999999999999, "draw_data": {"01 11 00": [0, 1], "11 11 00": [0, 16], "10 11 00": [0, 4], "01 01 00": [0, 24], "11 10 00": [0, 1], "10 10 00": [1000, 812], "00 10 00": [0, 80], "00 01 00": [0, 5], "00 00 00": [0, 57]}}, "trans_32": {"fidelity": 0.8150000000000001, "draw_data": {"01 11 00": [0, 1], "11 11 00": [0, 14],