{"trans_0": {"fidelity": 0.77, "draw_data": {"11 10 00": [0, 3], "10 11 00": [0, 4], "00 00 00": [0, 66], "11 11 00": [0, 14], "00 10 00": [0, 114], "01 11 00": [0, 4], "10 10 00": [1000, 770], "00 01 00": [0, 4], "10 00 00": [0, 3], "01 01 00": [0, 18]}}, "trans_1": {"fidelity": 0.8260000000000001, "draw_data": {"11 10 00": [0, 6], "00 11 00": [0, 1], "10 11 00": [0, 10], "00 00 00": [0, 37], "01 10 00": [0, 1], "11 11 00": [0, 27], "00 10 00": [0, 77], "01 11 00": [0, 2], "10 10 00": [1000, 826], "00 01 00": [0, 1], "10 00 00": [0, 2], "01 01 00": [0, 10]}}, "trans_2": {"fidelity": 0.855, "draw_data": {"11 10 00": [0, 5], "10 11 00": [0, 5], "00 00 00": [0, 29], "11 11 00": [0, 23], "00 10 00": [0, 57], "01 11 00": [0, 4], "10 10 00": [1000, 855], "10 00 00": [0, 3], "01 01 00": [0, 19]}}, "trans_3": {"fidelity": 0.845, "draw_data": {"11 10 00": [0, 6], "00 11 00": [0, 1], "10 11 00": [0, 6], "00 00 00": [0, 33], "01 10 00": [0, 1], "11 11 00": [0, 16], "00 10 00": [0, 72], "10 10 00": [1000, 845], "00 01 00": [0, 1], "10 00 00": [0, 1], "01 01 00": [0, 18]}}, "trans_4": {"fidelity": 0.7909999999999999, "draw_data": {"11 10 00": [0, 2], "10 11 00": [0, 8], "00 00 00": [0, 70], "11 11 00": [0, 15], "10 01 00": [0, 1], "11 01 00": [0, 1], "00 10 00": [0, 91], "01 11 00": [0, 2], "10 10 00": [1000, 791], "00 01 00": [0, 1], "10 00 00": [0, 8], "01 01 00": [0, 10]}}, "trans_5": {"fidelity": 0.6320000000000001, "draw_data": {"11 10 00": [0, 6], "01 00 00": [0, 3], "10 11 00": [0, 6], "00 11 00": [0, 5], "00 00 00": [0, 111], "01 10 00": [0, 4], "11 11 00": [0, 16], "00 10 00": [0, 198], "01 11 00": [0, 7], "10 10 00": [1000, 632], "00 01 00": [0, 5], "10 00 00": [0, 3], "01 01 00": [0, 4]}}, "trans_6": {"fidelity": 0.7579999999999999, "draw_data": {"11 10 00": [0, 6], "01 00 00": [0, 1], "10 11 00": [0, 1], "00 00 00": [0, 44], "01 10 00": [0, 1], "11 11 00": [0, 16], "11 01 00": [0, 2], "00 10 00": [0, 137], "01 11 00": [0, 3], "10 10 00": [1000, 758], "00 01 00": [0, 2], "10 00 00": [0, 7], "01 01 00": [0, 22]}}, "trans_7": {"fidelity": 0.6360000000000002, "draw_data": {"11 10 00": [0, 7], "01 00 00": [0, 1], "10 11 00": [0, 9], "00 11 00": [0, 2], "00 00 00": [0, 92], "01 10 00": [0, 2], "11 11 00": [0, 20], "00 10 00": [0, 210], "01 11 00": [0, 2], "10 10 00": [1000, 636], "00 01 00": [0, 3], "01 01 00": [0, 16]}}, "trans_8": {"fidelity": 0.6379999999999999, "draw_data": {"11 10 00": [0, 11], "00 11 00": [0, 4], "10 11 00": [0, 7], "00 00 00": [0, 102], "01 10 00": [0, 3], "11 11 00": [0, 11], "11 01 00": [0, 1], "00 10 00": [0, 212], "10 10 00": [1000, 638], "00 01 00": [0, 3], "01 01 00": [0, 8]}}, "trans_9": {"fidelity": 0.837, "draw_data": {"11 10 00": [0, 7], "10 11 00": [0, 6], "00 00 00": [0, 31], "01 10 00": [0, 1], "11 11 00": [0, 8], "00 10 00": [0, 67], "01 11 00": [0, 1], "10 10 00": [1000, 837], "00 01 00": [0, 5], "10 00 00": [0, 5], "01 01 00": [0, 32]}}, "trans_10": {"fidelity": 0.748, "draw_data": {"11 10 00": [0, 5], "01 00 00": [0, 2], "10 11 00": [0, 7], "00 11 00": [0, 1], "00 00 00": [0, 56], "01 10 00": [0, 2], "11 11 00": [0, 17], "00 10 00": [0, 121], "01 11 00": [0, 6], "10 10 00": [1000, 748], "00 01 00": [0, 3], "10 00 00": [0, 14], "01 01 00": [0, 18]}}, "trans_11": {"fidelity": 0.8500000000000001, "draw_data": {"11 00 00": [0, 1], "11 10 00": [0, 10], "10 11 00": [0, 5], "00 00 00": [0, 40], "11 11 00": [0, 15], "11 01 00": [0, 1], "00 10 00": [0, 64], "10 10 00": [1000, 850], "00 01 00": [0, 1], "10 00 00": [0, 6], "01 01 00": [0, 7]}}, "trans_12": {"fidelity": 0.845, "draw_data": {"11 10 00": [0, 8], "01 00 00": [0, 2], "10 11 00": [0, 4], "00 00 00": [0, 34], "01 10 00": [0, 3], "11 11 00": [0, 10], "00 10 00": [0, 68], "10 10 00": [1000, 845], "00 01 00": [0, 1], "10 00 00": [0, 4], "01 01 00": [0, 21]}}, "trans_13": {"fidelity": 0.7419999999999999, "draw_data": {"11 10 00": [0, 6], "10 11 00": [0, 4], "00 00 00": [0, 50], "01 10 00": [0, 2], "11 11 00": [0, 25], "00 10 00": [0, 136], "01 11 00": [0, 4], "10 10 00": [1000, 742], "00 01 00": [0, 4], "10 00 00": [0, 7], "01 01 00": [0, 20]}}, "trans_14": {"fidelity": 0.729, "draw_data": {"11 10 00": [0, 5], "00 11 00": [0, 1], "10 11 00": [0, 4], "00 00 00": [0, 72], "01 10 00": [0, 1], "11 11 00": [0, 14], "00 10 00": [0, 141], "01 11 00": [0, 2], "10 10 00": [1000, 729], "10 00 00": [0, 7], "01 01 00": [0, 24]}}, "trans_15": {"fidelity": 0.7770000000000001, "draw_data": {"11 10 00": [0, 6], "10 11 00": [0, 6], "00 00 00": [0, 55], "11 11 00": [0, 10], "00 10 00": [0, 120], "01 11 00": [0, 2], "10 10 00": [1000, 777], "00 01 00": [0, 1], "10 00 00": [0, 8], "01 01 00": [0, 15]}}, "trans_16": {"fidelity": 0.6400000000000001, "draw_data": {"11 10 00": [0, 8], "01 00 00": [0, 1], "10 11 00": [0, 6], "00 11 00": [0, 4], "00 00 00": [0, 97], "01 10 00": [0, 4], "11 11 00": [0, 15], "00 10 00": [0, 205], "01 11 00": [0, 3], "10 10 00": [1000, 640], "00 01 00": [0, 3], "01 01 00": [0, 14]}}, "trans_17": {"fidelity": 0.8709999999999999, "draw_data": {"11 10 00": [0, 5], "00 11 00": [0, 2], "10 11 00": [0, 2], "00 00 00": [0, 24], "01 10 00": [0, 1], "11 11 00": [0, 14], "11 01 00": [0, 1], "00 10 00": [0, 67], "10 10 00": [1000, 871], "00 01 00": [0, 2], "10 00 00": [0, 2], "01 01 00": [0, 9]}}, "trans_18": {"fidelity": 0.7579999999999999, "draw_data": {"11 10 00": [0, 4], "00 11 00": [0, 1], "10 11 00": [0, 8], "00 00 00": [0, 48], "11 11 00": [0, 22], "11 01 00": [0, 1], "00 10 00": [0, 131], "01 11 00": [0, 2], "10 10 00": [1000, 758], "00 01 00": [0, 1], "10 00 00": [0, 5], "01 01 00": [0, 19]}}, "trans_19": {"fidelity": 0.825, "draw_data": {"11 10 00": [0, 6], "01 00 00": [0, 1], "10 11 00": [0, 7], "00 00 00": [0, 42], "11 11 00": [0, 14], "00 10 00": [0, 84], "01 11 00": [0, 2], "10 10 00": [1000, 825], "00 01 00": [0, 1], "10 00 00": [0, 4], "01 01 00": [0, 14]}}, "trans_20": {"fidelity": 0.7850000000000001, "draw_data": {"11 10 00": [0, 8], "01 00 00": [0, 1], "10 11 00": [0, 6], "00 11 00": [0, 1], "00 00 00": [0, 51], "01 10 00": [0, 1], "11 11 00": [0, 15], "00 10 00": [0, 98], "01 11 00": [0, 3], "10 10 00": [1000, 785], "00 01 00": [0, 2], "10 00 00": [0, 11], "01 01 00": [0, 18]}}, "trans_21": {"fidelity": 0.838, "draw_data": {"11 10 00": [0, 4], "10 11 00": [0, 4], "00 00 00": [0, 36], "11 11 00": [0, 16], "11 01 00": [0, 1], "00 10 00": [0, 56], "10 10 00": [1000, 838], "00 01 00": [0, 2], "10 00 00": [0, 7], "01 01 00": [0, 36]}}, "trans_22": {"fidelity": 0.6150000000000001, "draw_data": {"11 10 00": [0, 3], "00 11 00": [0, 4], "10 11 00": [0, 12], "00 00 00": [0, 112], "01 10 00": [0, 1], "11 11 00": [0, 11], "00 10 00": [0, 215], "01 11 00": [0, 7], "10 10 00": [1000, 615], "00 01 00": [0, 1], "10 00 00": [0, 1], "01 01 00": [0, 18]}}, "trans_23": {"fidelity": 0.753, "draw_data": {"11 10 00": [0, 2], "10 11 00": [0, 6], "00 00 00": [0, 64], "11 11 00": [0, 18], "11 01 00": [0, 1], "00 10 00": [0, 124], "10 10 00": [1000, 753], "10 00 00": [0, 12], "01 01 00": [0, 20]}}, "trans_24": {"fidelity": 0.833, "draw_data": {"11 10 00": [0, 8], "01 00 00": [0, 1], "10 11 00": [0, 11], "00 11 00": [0, 1], "00 00 00": [0, 45], "01 10 00": [0, 1], "11 11 00": [0, 9], "00 10 00": [0, 85], "10 10 00": [1000, 833], "10 00 00": [0, 2], "01 01 00": [0, 4]}}, "trans_25": {"fidelity": 0.828, "draw_data": {"11 10 00": [0, 4], "10 11 00": [0, 7], "00 00 00": [0, 34], "11 11 00": [0, 18], "00 10 00": [0, 82], "01 11 00": [0, 2], "10 10 00": [1000, 828], "00 01 00": [0, 1], "10 00 00": [0, 3], "01 01 00": [0, 21]}}, "trans_26": {"fidelity": 0.7719999999999999, "draw_data": {"11 10 00": [0, 6], "00 11 00": [0, 2], "10 11 00": [0, 4], "00 00 00": [0, 59], "01 10 00": [0, 1], "11 11 00": [0, 12], "11 01 00": [0, 1], "00 10 00": [0, 109], "10 10 00": [1000, 772], "00 01 00": [0, 4], "10 00 00": [0, 12], "01 01 00": [0, 18]}}, "trans_27": {"fidelity": 0.745, "draw_data": {"11 10 00": [0, 1], "00 11 00": [0, 1], "10 11 00": [0, 2], "00 00 00": [0, 41], "01 10 00": [0, 1],