{"trans_0": {"fidelity": 0.77, "draw_data": {"11 01 00": [0, 3], "01 11 00": [0, 4], "10 00 00": [0, 24], "00 10 00": [0, 98], "01 00 00": [0, 2], "00 01 00": [0, 5], "10 11 00": [0, 7], "00 00 00": [0, 51], "11 11 00": [0, 13], "01 01 00": [0, 13], "11 10 00": [0, 10], "10 10 00": [1000, 770]}}, "trans_1": {"fidelity": 0.8260000000000001, "draw_data": {"10 00 00": [0, 2], "00 10 00": [0, 38], "01 00 00": [0, 1], "00 01 00": [0, 4], "10 11 00": [0, 12], "00 00 00": [0, 48], "11 11 00": [0, 19], "01 01 00": [0, 33], "11 10 00": [0, 15], "00 11 00": [0, 1], "10 10 00": [1000, 826], "01 10 00": [0, 1]}}, "trans_2": {"fidelity": 0.77, "draw_data": {"11 01 00": [0, 2], "01 11 00": [0, 2], "10 00 00": [0, 4], "00 10 00": [0, 100], "00 01 00": [0, 1], "10 11 00": [0, 13], "00 00 00": [0, 71], "11 11 00": [0, 12], "01 01 00": [0, 15], "11 10 00": [0, 8], "00 11 00": [0, 2], "10 10 00": [1000, 770]}}, "trans_3": {"fidelity": 0.8109999999999999, "draw_data": {"01 11 00": [0, 1], "10 00 00": [0, 1], "00 10 00": [0, 46], "01 00 00": [0, 1], "00 01 00": [0, 3], "10 11 00": [0, 14], "00 00 00": [0, 59], "11 11 00": [0, 11], "01 01 00": [0, 32], "11 10 00": [0, 17], "00 11 00": [0, 3], "10 10 00": [1000, 811], "01 10 00": [0, 1]}}, "trans_4": {"fidelity": 0.7909999999999999, "draw_data": {"10 00 00": [0, 1], "00 10 00": [0, 64], "01 00 00": [0, 2], "00 01 00": [0, 3], "10 11 00": [0, 31], "00 00 00": [0, 37], "11 11 00": [0, 24], "01 01 00": [0, 12], "11 10 00": [0, 24], "00 11 00": [0, 4], "10 10 00": [1000, 791], "01 10 00": [0, 7]}}, "trans_5": {"fidelity": 0.786, "draw_data": {"01 11 00": [0, 4], "10 00 00": [0, 19], "00 10 00": [0, 84], "00 01 00": [0, 4], "10 11 00": [0, 10], "00 00 00": [0, 50], "11 11 00": [0, 20], "01 01 00": [0, 9], "11 10 00": [0, 11], "00 11 00": [0, 1], "10 10 00": [1000, 786], "10 01 00": [0, 2]}}, "trans_6": {"fidelity": 0.809, "draw_data": {"01 11 00": [0, 3], "10 00 00": [0, 1], "00 10 00": [0, 56], "00 01 00": [0, 2], "10 11 00": [0, 20], "00 00 00": [0, 50], "11 11 00": [0, 16], "01 01 00": [0, 29], "11 10 00": [0, 12], "00 11 00": [0, 2], "10 10 00": [1000, 809]}}, "trans_7": {"fidelity": 0.7420000000000001, "draw_data": {"01 11 00": [0, 3], "10 00 00": [0, 6], "00 10 00": [0, 109], "01 00 00": [0, 2], "00 01 00": [0, 4], "10 11 00": [0, 13], "00 00 00": [0, 84], "11 11 00": [0, 16], "01 01 00": [0, 9], "11 10 00": [0, 9], "00 11 00": [0, 1], "10 10 00": [1000, 742], "01 10 00": [0, 2]}}, "trans_8": {"fidelity": 0.8040000000000002, "draw_data": {"01 11 00": [0, 2], "10 00 00": [0, 1], "00 10 00": [0, 51], "00 01 00": [0, 1], "10 11 00": [0, 12], "00 00 00": [0, 64], "11 11 00": [0, 20], "01 01 00": [0, 32], "11 10 00": [0, 12], "10 10 00": [1000, 804], "01 10 00": [0, 1]}}, "trans_9": {"fidelity": 0.769, "draw_data": {"01 11 00": [0, 2], "10 00 00": [0, 2], "00 10 00": [0, 64], "01 00 00": [0, 1], "00 01 00": [0, 5], "10 11 00": [0, 43], "00 00 00": [0, 41], "11 11 00": [0, 27], "01 01 00": [0, 16], "11 10 00": [0, 26], "00 11 00": [0, 2], "10 10 00": [1000, 769], "01 10 00": [0, 2]}}, "trans_10": {"fidelity": 0.7380000000000001, "draw_data": {"01 11 00": [0, 4], "10 00 00": [0, 4], "00 10 00": [0, 130], "01 00 00": [0, 1], "00 01 00": [0, 2], "10 11 00": [0, 9], "00 00 00": [0, 72], "11 11 00": [0, 17], "01 01 00": [0, 13], "11 10 00": [0, 7], "00 11 00": [0, 1], "10 10 00": [1000, 738], "01 10 00": [0, 2]}}, "trans_11": {"fidelity": 0.753, "draw_data": {"01 11 00": [0, 2], "10 00 00": [0, 2], "00 10 00": [0, 120], "01 00 00": [0, 1], "00 01 00": [0, 1], "10 11 00": [0, 9], "00 00 00": [0, 64], "11 11 00": [0, 21], "01 01 00": [0, 15], "11 10 00": [0, 9], "00 11 00": [0, 3], "10 10 00": [1000, 753]}}, "trans_12": {"fidelity": 0.774, "draw_data": {"01 11 00": [0, 3], "10 00 00": [0, 1], "00 10 00": [0, 87], "01 00 00": [0, 1], "10 11 00": [0, 11], "00 00 00": [0, 76], "11 11 00": [0, 15], "01 01 00": [0, 15], "11 10 00": [0, 13], "00 11 00": [0, 1], "10 10 00": [1000, 774], "01 10 00": [0, 3]}}, "trans_13": {"fidelity": 0.764, "draw_data": {"10 00 00": [0, 2], "00 10 00": [0, 101], "00 01 00": [0, 2], "10 11 00": [0, 13], "00 00 00": [0, 79], "11 11 00": [0, 16], "01 01 00": [0, 14], "11 10 00": [0, 7], "00 11 00": [0, 2], "10 10 00": [1000, 764]}}, "trans_14": {"fidelity": 0.8220000000000001, "draw_data": {"11 01 00": [0, 2], "01 11 00": [0, 3], "10 00 00": [0, 2], "00 10 00": [0, 32], "01 00 00": [0, 1], "00 01 00": [0, 1], "10 11 00": [0, 16], "00 00 00": [0, 61], "11 11 00": [0, 17], "01 01 00": [0, 28], "11 10 00": [0, 14], "10 10 00": [1000, 822], "01 10 00": [0, 1]}}, "trans_15": {"fidelity": 0.8029999999999999, "draw_data": {"01 11 00": [0, 1], "00 10 00": [0, 63], "01 00 00": [0, 1], "00 01 00": [0, 1], "10 11 00": [0, 21], "00 00 00": [0, 38], "11 11 00": [0, 23], "01 01 00": [0, 11], "11 10 00": [0, 33], "10 10 00": [1000, 803], "01 10 00": [0, 5]}}, "trans_16": {"fidelity": 0.7850000000000001, "draw_data": {"11 01 00": [0, 1], "01 11 00": [0, 3], "10 00 00": [0, 2], "00 10 00": [0, 95], "01 00 00": [0, 1], "10 11 00": [0, 11], "00 00 00": [0, 68], "11 11 00": [0, 16], "01 01 00": [0, 6], "11 10 00": [0, 9], "10 10 00": [1000, 785], "01 10 00": [0, 3]}}, "trans_17": {"fidelity": 0.784, "draw_data": {"01 11 00": [0, 2], "10 00 00": [0, 2], "00 10 00": [0, 61], "01 00 00": [0, 4], "00 01 00": [0, 2], "10 11 00": [0, 27], "00 00 00": [0, 46], "11 11 00": [0, 25], "01 01 00": [0, 14], "11 10 00": [0, 27], "00 11 00": [0, 3], "10 10 00": [1000, 784], "01 10 00": [0, 3]}}, "trans_18": {"fidelity": 0.769, "draw_data": {"11 01 00": [0, 2], "01 11 00": [0, 1], "10 00 00": [0, 19], "00 10 00": [0, 88], "00 01 00": [0, 2], "10 11 00": [0, 7], "00 00 00": [0, 58], "11 11 00": [0, 21], "01 01 00": [0, 16], "11 10 00": [0, 12], "00 11 00": [0, 3], "11 00 00": [0, 1], "10 10 00": [1000, 769], "01 10 00": [0, 1]}}, "trans_19": {"fidelity": 0.8000000000000002, "draw_data": {"01 11 00": [0, 1], "00 10 00": [0, 55], "01 00 00": [0, 2], "00 01 00": [0, 2], "10 11 00": [0, 35], "00 00 00": [0, 26], "11 11 00": [0, 22], "01 01 00": [0, 15], "11 10 00": [0, 36], "00 11 00": [0, 1], "10 10 00": [1000, 800], "01 10 00": [0, 5]}}, "trans_20": {"fidelity": 0.7579999999999999, "draw_data": {"11 01 00": [0, 1], "10 00 00": [0, 4], "00 10 00": [0, 111], "00 01 00": [0, 2], "10 11 00": [0, 11], "00 00 00": [0, 71], "11 11 00": [0, 19], "01 01 00": [0, 10], "11 10 00": [0, 7], "00 11 00": [0, 3], "10 10 00": [1000, 758], "01 10 00": [0, 3]}}, "trans_21": {"fidelity": 0.776, "draw_data": {"11 01 00": [0, 1], "01 11 00": [0, 4], "00 10 00": [0, 65], "01 00 00": [0, 5], "00 01 00": [0, 4], "10 11 00": [0, 42], "00 00 00": [0, 31], "11 11 00": [0, 20], "01 01 00": [0, 13], "11 10 00": [0, 31], "00 11 00": [0, 4], "10 10 00": [1000, 776], "01 10 00": [0, 4]}}, "trans_22": {"fidelity": 0.781, "draw_data": {"11 01 00": [0, 1], "01 11 00": [0, 1], "00 10 00": [0, 63], "01 00 00": [0, 2], "00 01 00": [0, 2], "10 11 00": [0, 29], "00 00 00": [0, 41], "11 11 00": [0, 29], "01 01 00": [0, 17], "11 10 00": [0, 29], "00 11 00": [0, 2], "10 10 00": [1000, 781], "01 10 00": [0, 2], "10 01 00": [0, 1]}}, "trans_23": {"fidelity": 0.756, "draw_data": {"11 01 00": [0, 4], "01 11 00": [0, 3], "10 00 00": [0, 19], "00 10 00": [0, 100], "01 00 00": [0, 1], "00 01 00": [0, 4], "10 11 00": [0, 15], "00 00 00": [0, 48], "11 11 00": [0, 17], "01 01 00": [0, 18], "11 10 00": [0, 11], "00 11 00": [0, 2], "10 10 00": [1000, 756], "01 10 00": [0, 2]}}, "trans_24": {"fidelity": 0.769, "draw_data": {"11 01 00": [0, 1], "01 11 00": [0, 2], "10 00 00": [0, 19], "00 10 00": [0, 92], "00 01 00": [0, 1], "10 11 00": [0, 13], "00 00 00": [0, 59], "11 11 00": [0, 18], "01 01 00": [0, 8], "11 10 00": [0, 13], "11 00 00": [0, 2], "10 10 00": [1000, 769], "01 10 00": [0, 3]}}, "trans_25": {"fidelity": 0.7659999999999999, "draw_data": {"11 01 00": [0, 2], "10 00 00": [0, 24], "00 10 00": [0, 90], "00 01 00": [0, 1], "10 11 00": [0, 9], "00 00 00": [0, 54], "11 11 00": [0, 14],