{"trans_0": {"fidelity": 0.86, "draw_data": {"10 10 00": [1000, 860], "11 10 00": [0, 2], "00 01 00": [0, 1], "00 10 00": [0, 65], "01 01 00": [0, 14], "10 00 00": [0, 1], "11 11 00": [0, 16], "10 11 00": [0, 2], "00 00 00": [0, 39]}}, "trans_1": {"fidelity": 0.8300000000000001, "draw_data": {"10 10 00": [1000, 830], "11 10 00": [0, 1], "00 01 00": [0, 1], "00 10 00": [0, 70], "01 01 00": [0, 15], "10 00 00": [0, 2], "11 11 00": [0, 31], "01 11 00": [0, 2], "10 11 00": [0, 3], "00 00 00": [0, 45]}}, "trans_2": {"fidelity": 0.89, "draw_data": {"10 10 00": [1000, 890], "11 10 00": [0, 1], "00 10 00": [0, 51], "01 01 00": [0, 10], "10 00 00": [0, 3], "11 11 00": [0, 18], "00 00 00": [0, 27]}}, "trans_3": {"fidelity": 0.8520000000000001, "draw_data": {"10 10 00": [1000, 852], "11 10 00": [0, 2], "00 01 00": [0, 1], "00 10 00": [0, 58], "11 01 00": [0, 1], "01 10 00": [0, 2], "01 01 00": [0, 19], "10 00 00": [0, 1], "11 11 00": [0, 25], "01 11 00": [0, 2], "10 11 00": [0, 1], "00 00 00": [0, 36]}}, "trans_4": {"fidelity": 0.8310000000000001, "draw_data": {"10 10 00": [1000, 831], "11 10 00": [0, 1], "00 01 00": [0, 1], "00 10 00": [0, 58], "01 10 00": [0, 1], "01 01 00": [0, 22], "11 11 00": [0, 32], "01 11 00": [0, 3], "00 00 00": [0, 51]}}, "trans_5": {"fidelity": 0.8419999999999999, "draw_data": {"10 10 00": [1000, 842], "11 10 00": [0, 2], "00 01 00": [0, 1], "00 10 00": [0, 60], "01 00 00": [0, 1], "01 01 00": [0, 17], "10 00 00": [0, 1], "11 11 00": [0, 25], "01 11 00": [0, 2], "10 11 00": [0, 4], "00 00 00": [0, 45]}}, "trans_6": {"fidelity": 0.8240000000000001, "draw_data": {"10 10 00": [1000, 824], "11 10 00": [0, 2], "00 01 00": [0, 2], "00 10 00": [0, 67], "01 00 00": [0, 1], "01 01 00": [0, 12], "10 00 00": [0, 4], "11 11 00": [0, 37], "01 11 00": [0, 1], "10 11 00": [0, 1], "00 00 00": [0, 49]}}, "trans_7": {"fidelity": 0.851, "draw_data": {"10 10 00": [1000, 851], "11 10 00": [0, 3], "00 01 00": [0, 2], "00 10 00": [0, 54], "01 00 00": [0, 1], "01 01 00": [0, 22], "10 00 00": [0, 2], "11 11 00": [0, 24], "01 11 00": [0, 4], "10 11 00": [0, 6], "00 00 00": [0, 31]}}, "trans_8": {"fidelity": 0.8849999999999999, "draw_data": {"10 10 00": [1000, 885], "11 10 00": [0, 1], "00 01 00": [0, 1], "00 10 00": [0, 47], "01 01 00": [0, 7], "10 00 00": [0, 1], "11 11 00": [0, 21], "10 11 00": [0, 3], "00 00 00": [0, 34]}}, "trans_9": {"fidelity": 0.825, "draw_data": {"10 10 00": [1000, 825], "11 10 00": [0, 1], "00 01 00": [0, 3], "00 10 00": [0, 54], "01 01 00": [0, 42], "10 00 00": [0, 1], "11 11 00": [0, 27], "00 11 00": [0, 1], "01 11 00": [0, 1], "10 11 00": [0, 2], "00 00 00": [0, 43]}}, "trans_10": {"fidelity": 0.8530000000000001, "draw_data": {"10 10 00": [1000, 853], "11 10 00": [0, 4], "00 01 00": [0, 2], "00 10 00": [0, 63], "01 01 00": [0, 16], "11 11 00": [0, 21], "10 11 00": [0, 2], "00 00 00": [0, 39]}}, "trans_11": {"fidelity": 0.8840000000000001, "draw_data": {"10 10 00": [1000, 884], "11 10 00": [0, 2], "00 01 00": [0, 1], "00 10 00": [0, 40], "11 01 00": [0, 1], "01 10 00": [0, 1], "01 01 00": [0, 14], "10 00 00": [0, 4], "11 11 00": [0, 19], "10 11 00": [0, 1], "00 00 00": [0, 33]}}, "trans_12": {"fidelity": 0.875, "draw_data": {"10 10 00": [1000, 875], "11 10 00": [0, 2], "00 01 00": [0, 2], "00 10 00": [0, 59], "01 00 00": [0, 2], "01 01 00": [0, 12], "11 11 00": [0, 10], "00 00 00": [0, 38]}}, "trans_13": {"fidelity": 0.809, "draw_data": {"10 10 00": [1000, 809], "11 10 00": [0, 3], "00 01 00": [0, 1], "00 10 00": [0, 62], "01 01 00": [0, 28], "10 00 00": [0, 1], "11 11 00": [0, 35], "10 11 00": [0, 5], "00 00 00": [0, 56]}}, "trans_14": {"fidelity": 0.8889999999999999, "draw_data": {"10 10 00": [1000, 889], "11 10 00": [0, 1], "00 10 00": [0, 36], "01 10 00": [0, 1], "01 01 00": [0, 8], "10 00 00": [0, 4], "11 11 00": [0, 19], "01 11 00": [0, 3], "00 00 00": [0, 39]}}, "trans_15": {"fidelity": 0.81, "draw_data": {"10 10 00": [1000, 810], "11 10 00": [0, 2], "00 01 00": [0, 1], "00 10 00": [0, 55], "01 00 00": [0, 1], "01 01 00": [0, 45], "10 00 00": [0, 2], "11 11 00": [0, 39], "01 11 00": [0, 1], "10 11 00": [0, 5], "00 00 00": [0, 39]}}, "trans_16": {"fidelity": 0.855, "draw_data": {"10 10 00": [1000, 855], "11 10 00": [0, 2], "00 01 00": [0, 4], "00 10 00": [0, 51], "01 01 00": [0, 20], "10 00 00": [0, 5], "11 11 00": [0, 23], "01 11 00": [0, 1], "10 11 00": [0, 3], "00 00 00": [0, 36]}}, "trans_17": {"fidelity": 0.8230000000000001, "draw_data": {"10 10 00": [1000, 823], "11 10 00": [0, 3], "00 01 00": [0, 2], "00 10 00": [0, 57], "01 01 00": [0, 33], "10 00 00": [0, 3], "11 11 00": [0, 31], "01 11 00": [0, 3], "10 11 00": [0, 4], "00 00 00": [0, 41]}}, "trans_18": {"fidelity": 0.821, "draw_data": {"10 10 00": [1000, 821], "11 10 00": [0, 4], "00 01 00": [0, 1], "00 10 00": [0, 52], "01 01 00": [0, 38], "10 00 00": [0, 2], "11 11 00": [0, 29], "01 11 00": [0, 3], "10 11 00": [0, 3], "00 00 00": [0, 47]}}, "trans_19": {"fidelity": 0.895, "draw_data": {"10 10 00": [1000, 895], "11 10 00": [0, 3], "00 01 00": [0, 2], "00 10 00": [0, 44], "01 10 00": [0, 1], "01 01 00": [0, 14], "11 11 00": [0, 10], "01 11 00": [0, 1], "10 11 00": [0, 2], "00 00 00": [0, 28]}}, "trans_20": {"fidelity": 0.894, "draw_data": {"10 10 00": [1000, 894], "11 10 00": [0, 1], "00 10 00": [0, 38], "11 01 00": [0, 1], "01 01 00": [0, 7], "10 00 00": [0, 1], "11 11 00": [0, 15], "01 11 00": [0, 2], "10 11 00": [0, 3], "00 00 00": [0, 38]}}, "trans_21": {"fidelity": 0.843, "draw_data": {"10 10 00": [1000, 843], "00 01 00": [0, 3], "00 10 00": [0, 56], "01 01 00": [0, 24], "11 11 00": [0, 31], "01 11 00": [0, 4], "10 11 00": [0, 3], "00 00 00": [0, 36]}}, "trans_22": {"fidelity": 0.84, "draw_data": {"10 10 00": [1000, 840], "11 10 00": [0, 2], "00 01 00": [0, 4], "00 10 00": [0, 56], "11 01 00": [0, 1], "01 01 00": [0, 24], "10 00 00": [0, 2], "11 11 00": [0, 22], "00 11 00": [0, 1], "01 11 00": [0, 2], "10 11 00": [0, 3], "00 00 00": [0, 43]}}, "trans_23": {"fidelity": 0.865, "draw_data": {"10 10 00": [1000, 865], "11 10 00": [0, 5], "00 10 00": [0, 61], "01 10 00": [0, 2], "01 01 00": [0, 7], "10 00 00": [0, 1], "11 11 00": [0, 17], "00 11 00": [0, 1], "10 11 00": [0, 3], "00 00 00": [0, 38]}}, "trans_24": {"fidelity": 0.894, "draw_data": {"10 10 00": [1000, 894], "11 10 00": [0, 4], "00 10 00": [0, 36], "11 01 00": [0, 1], "01 01 00": [0, 16], "10 00 00": [0, 1], "11 11 00": [0, 20], "01 11 00": [0, 4], "10 11 00": [0, 2], "00 00 00": [0, 22]}}, "trans_25": {"fidelity": 0.833, "draw_data": {"10 10 00": [1000, 833], "11 10 00": [0, 2], "00 01 00": [0, 3], "00 10 00": [0, 48], "01 10 00": [0, 1], "01 01 00": [0, 36], "10 00 00": [0, 2], "11 11 00": [0, 24], "01 11 00": [0, 1], "10 11 00": [0, 5], "00 00 00": [0, 45]}}, "trans_26": {"fidelity": 0.883, "draw_data": {"10 10 00": [1000, 883], "11 10 00": [0, 1], "00 01 00": [0, 2], "00 10 00": [0, 45], "01 01 00": [0, 14], "10 00 00": [0, 2], "11 11 00": [0, 16], "10 11 00": [0, 5], "00 00 00": [0, 32]}}, "trans_27": {"fidelity": 0.7869999999999999, "draw_data": {"10 10 00": [1000, 787], "11 10 00": [0, 1], "00 10 00": [0, 58], "01 00 00": [0, 2], "01 01 00": [0, 42], "10 00 00": [0, 2], "11 11 00": [0, 48], "01 11 00": [0, 5], "10 11 00": [0, 2], "00 00 00": [0, 53]}}, "trans_28": {"fidelity": 0.8759999999999999, "draw_data": {"10 10 00": [1000, 876], "11 10 00": [0, 2], "00 10 00": [0, 52], "01 01 00": [0, 11], "10 00 00": [0, 3], "11 11 00": [0, 23], "01 11 00": [0, 2], "10 11 00": [0, 2], "00 00 00": [0, 29]}}, "trans_29": {"fidelity": 0.848, "draw_data": {"10 10 00": [1000, 848], "11 10 00": [0, 4], "00 01 00": [0, 2], "00 10 00": [0, 66], "01 10 00": [0, 1], "01 01 00": [0, 17], "11 11 00": [0, 12], "01 11 00": [0, 1], "10 11 00": [0, 5], "00 00 00": [0, 44]}}, "trans_30": {"fidelity": 0.843, "draw_data": {"10 10 00": [1000, 843], "00 01 00": [0, 3], "00 10 00": [0, 57], "01 01 00": [0, 27], "10 00 00": [0, 3], "11 11 00": [0, 17], "01 11 00": [0, 2], "10 11 00": [0, 5], "00 00 00": [0, 43]}},